Товар:Яйцо призыва крипера, Цена: 59 руб.
Товар:Яйцо призыва визера, Цена: 59 руб.
Товар:Яйцо призыва коровы, Цена: 50 руб.
Товар:Спавнер мобов, Цена: 159 руб.
Товар:Яйцо призыва куба, Цена: 69 руб.
Товар:1 тотем бессмертия, Цена: 40 руб.
Товар:Золотое яблоко, Цена: 18 руб.
Товар:Яйцо жителя, Цена: 499 руб.
Товар:Слизь х16, Цена: 39 руб.
Товар:Сокровища x9, Цена: 149 руб.
Товар:Жемчуг Края (16), Цена: 24 руб.
Товар:30 Уровень, Цена: 27 руб.
Товар:100 Уровень, Цена: 299 руб.
Товар:200 Уровень, Цена: 599 руб.
Товар:500 монет, Цена: 9 руб.
Товар:1000 монет, Цена: 17 руб.
Товар:3000 монет, Цена: 45 руб.
Товар:10000 монет, Цена: 135 руб.
Товар:20000 монет, Цена: 245 руб.
Товар:Эффективность V, Цена: 39 руб.
Товар:Шёлковое касание, Цена: 39 руб.
Товар:Прочность III, Цена: 29 руб.
Товар:Удача III, Цена: 39 руб.
Товар:Починка, Цена: 56 руб.
Товар:Защита IV, Цена: 39 руб.
Товар:Острота V, Цена: 39 руб.
Товар:Добыча III, Цена: 39 руб.
Товар:Сила V, Цена: 29 руб.
Товар:Алмаз 32шт., Цена: 64 руб.
Товар:Тростник 32шт., Цена: 49 руб.
Товар:Элитра, Цена: 99 руб.
Товар:32 Фрукта хоруса, Цена: 48 руб.
Товар:Эндер-портал, Цена: 150 руб.
Товар:Кирка бога, Цена: 299 руб.
Товар:Супер TNT x64, Цена: 299 руб.
Товар:500 Уровень, Цена: 1299 руб.
Товар:Железный голем, Цена: 349 руб.
Товар:Драконье дыхание x16, Цена: 69 руб.
Товар:Яйцо призыва эндермена, Цена: 99 руб.
Товар:Яйцо призыва ведьмы, Цена: 499 руб.
Товар:5 тотемов бессмертия, Цена: 159 руб.
Товар:10 тотемов бессмертия, Цена: 259 руб.
Товар:PVP кит, Цена: 249 руб.
Товар:Кит Разрушителя, Цена: 79 руб.
Товар:Кит Строителя, Цена: 249 руб.
Товар:Кит Алхимика, Цена: 129 руб.
Товар:Кит Герцога, Цена: 279 руб.
Товар:Кит Магистра, Цена: 379 руб.
Товар:Лицензия охотника, Цена: 249 руб.
Товар:Генератор опыта, Цена: 499 руб.
Товар:Генератор монет, Цена: 499 руб.
Товар:Обсервер, Цена: 99 руб.
Товар:Свино-зомби, Цена: 199 руб.
Товар:Эффективность 10, Цена: 129 руб.
