Товар:Лицензия ловчего, Цена: 399 руб.
Товар:Лицензия охотника, Цена: 399 руб.
Товар:Лицензия дуэлянта, Цена: 399 руб.
Товар:Спасатель x5, Цена: 149 руб.
Товар:Печь опыта, Цена: 249 руб.
Товар:Похититель, Цена: 199 руб.
Товар:Обсервер, Цена: 99 руб.
Товар:Генератор опыта, Цена: 599 руб.
Товар:Генератор монет, Цена: 599 руб.
Товар:Сокровища x9, Цена: 179 руб.
Товар:Эндер-портал, Цена: 299 руб.
Товар:30 Уровень, Цена: 69 руб.
Товар:100 Уровень, Цена: 179 руб.
Товар:200 Уровень, Цена: 349 руб.
Товар:500 Уровень, Цена: 699 руб.
Товар:PVP кит, Цена: 99 руб.
Товар:Кит Строителя, Цена: 279 руб.
Товар:Кит Алхимика, Цена: 199 руб.
Товар:Кит призывателя, Цена: 699 руб.
Товар:Спавнер мобов, Цена: 179 руб.
Товар:Железный голем, Цена: 429 руб.
Товар:Яйцо призыва крипера, Цена: 159 руб.
Товар:Яйцо призыва визера, Цена: 299 руб.
Товар:Яйцо призыва коровы, Цена: 149 руб.
Товар:Яйцо призыва куба, Цена: 179 руб.
Товар:Яйцо призыва жителя, Цена: 499 руб.
Товар:Яйцо призыва эндермена, Цена: 199 руб.
Товар:Яйцо призыва ведьмы, Цена: 349 руб.
Товар:Свино-зомби, Цена: 199 руб.
Товар:500 монет, Цена: 24 руб.
Товар:1000 монет, Цена: 45 руб.
Товар:3000 монет, Цена: 110 руб.
Товар:10000 монет, Цена: 280 руб.
Товар:20000 монет, Цена: 449 руб.
Товар:Алмаз 32шт., Цена: 64 руб.
Товар:Тростник 32шт., Цена: 49 руб.
Товар:Элитра, Цена: 99 руб.
Товар:32 Фрукта хоруса, Цена: 48 руб.
Товар:Драконье дыхание x16, Цена: 69 руб.
Товар:Золотое яблоко, Цена: 40 руб.
Товар:Слизь х16, Цена: 39 руб.
Товар:1 тотем бессмертия, Цена: 40 руб.
Товар:5 тотемов бессмертия, Цена: 79 руб.
Товар:10 тотемов бессмертия, Цена: 159 руб.
Товар:Эффективность X, Цена: 159 руб.
Товар:Прочность III, Цена: 39 руб.
Товар:Удача IV, Цена: 159 руб.
Товар:Починка, Цена: 59 руб.
Товар:Добыча IV, Цена: 159 руб.
Товар:Шёлковое касание, Цена: 39 руб.
Товар:Сила X, Цена: 299 руб.
Товар:Острота X, Цена: 299 руб.
Товар:Разящий клинок IV, Цена: 79 руб.
