Товар:Свой титул, Цена: 1499 руб.
Товар:Летние титулы х2, Цена: 19 руб.
Товар:Летние титулы х4, Цена: 29 руб.
Товар:Летние титулы х8, Цена: 49 руб.
Товар:Хэллоуинские титулы х2, Цена: 19 руб.
Товар:Хэллоуинские титулы х4, Цена: 29 руб.
Товар:Хэллоуинские титулы х8, Цена: 49 руб.
Товар:Няшные титулы х2, Цена: 19 руб.
Товар:Няшные титулы х4, Цена: 29 руб.
Товар:Няшные титулы х8, Цена: 49 руб.
Товар:Титул - JoJo, Цена: 29 руб.
Товар:JoJo титулы х2, Цена: 29 руб.
Товар:JoJo титулы х4, Цена: 39 руб.
Товар:JoJo титулы х8, Цена: 69 руб.
